reactor,ch4,co2,day,gas,temp,flow
R1,11.374,338.3,5,co2,20,0.082
R1,45.5,230,18,co2,20,0.084
R1,22.17,210,32,co2,20,0.074
R5,16,371.5,5,co2,30,0.07475
R5,124.8,440,18,co2,30,0.069
R5,81.29,415,32,co2,30,0.0736
R12,26.7,1240,5,ar,20,0.051
R12,37.6,995,18,ar,20,0.0552
R12,31.4,1028,32,ar,20,0.05405
R13,81.3,2022,5,ar,30,0.064
R13,100.2,2000,18,ar,30,0.0575
R13,126.6,2530,32,ar,30,0.05635
